{"cameraMode":{"drawMode":0,"name":"Shaded","section":"Shading Mode"},"sceneLighting":true,"audioPlay":false,"sceneViewState":{"m_AlwaysRefresh":false,"showFog":true,"showSkybox":true,"showFlares":true,"showImageEffects":true,"showParticleSystems":true,"showVisualEffectGraphs":true,"m_FxEnabled":false},"in2DMode":false,"pivot":{"x":-7.474739074707031,"y":30.484352111816408,"z":18.272079467773439},"rotation":{"x":-0.019054559990763665,"y":0.9779588580131531,"z":-0.1804773360490799,"w":-0.10325254499912262},"size":176.53720092773438,"orthographic":false}