{"cameraMode":{"drawMode":0,"name":"Shaded","section":"Shading Mode"},"sceneLighting":true,"audioPlay":false,"sceneViewState":{"m_AlwaysRefresh":false,"showFog":true,"showSkybox":true,"showFlares":true,"showImageEffects":true,"showParticleSystems":true,"showVisualEffectGraphs":true,"m_FxEnabled":false},"in2DMode":false,"pivot":{"x":-16.497285842895509,"y":5.822051525115967,"z":17.421110153198243},"rotation":{"x":-0.053575556725263599,"y":0.6207877993583679,"z":-0.04258541017770767,"w":-0.7809880375862122},"size":19.28016471862793,"orthographic":false}